{"cameraMode":{"drawMode":0,"name":"Shaded","section":"Shading Mode"},"sceneLighting":true,"audioPlay":false,"sceneViewState":{"m_AlwaysRefresh":false,"showFog":true,"showSkybox":true,"showFlares":true,"showImageEffects":true,"showParticleSystems":true,"showVisualEffectGraphs":true,"m_FxEnabled":true},"in2DMode":false,"pivot":{"x":0.41059353947639468,"y":2.5276854038238527,"z":-0.55818772315979},"rotation":{"x":0.06799440830945969,"y":0.9091069102287293,"z":-0.37689653038978579,"w":0.16402441263198853},"size":14.633411407470704,"orthographic":false}